﻿{"cameraMode":{"drawMode":0,"name":"Shaded","section":"Shading Mode"},"sceneLighting":true,"audioPlay":false,"sceneViewState":{"showFog":true,"showMaterialUpdate":false,"showSkybox":true,"showFlares":true,"showImageEffects":true,"showParticleSystems":true},"in2DMode":false,"pivot":{"x":42.58148193359375,"y":366.89208984375,"z":675.9609375},"rotation":{"x":-0.06826680153608322,"y":0.047869373112916949,"z":-0.0032793518621474506,"w":-0.9965126514434815},"size":1778.281982421875,"orthographic":false}