﻿{"cameraMode":{"drawMode":0,"name":"Shaded","section":"Shading Mode"},"sceneLighting":false,"audioPlay":false,"sceneViewState":{"showFog":true,"showMaterialUpdate":false,"showSkybox":false,"showFlares":true,"showImageEffects":true,"showParticleSystems":true},"in2DMode":false,"pivot":{"x":-1.3140122890472413,"y":0.0,"z":7.9831461906433109},"rotation":{"x":-0.7016074657440186,"y":0.01602758839726448,"z":-0.01578894630074501,"w":-0.7122084498405457},"size":6.554759979248047,"orthographic":false}